SecStr,ASA_pct,dMW,dChg,dARM,dHydro,dVdwV,dSASA,totalE,dTmC
3,35.07,-85,-1,0,0.616,-81,-129,0.152,unstable
1,8.34,-85,-1,0,0.616,-81,-129,0.204,unstable
2,26.22,-72,1,0,0.458,-61,-128,1.358,unstable
4,66.74,-26,0,0,-0.095,-23,-38,0.927,unstable
1,0.25,-74,0,0,-0.237,-76,-150,4.9,unstable
4,68.98,-1,1,0,0.208,5,7,-0.052,unstable
1,43.9,-57,-1,0,0.333,-68,-100,-0.039,unstable
2,7.87,-28,0,0,-0.209,-38,-50,1.949,unstable
4,89.81,44,0.5,1,0.32,49,71,-2.146,unstable
1,11.13,-26,0,0,-0.095,-23,-38,2.365,unstable
1,37.54,-16,0,0,0.257,-6,-13,-0.42,stable
2,0,32,-0.5,0,0.064,19,37,1.816,unstable
4,33.95,1,-1,0,-0.208,-5,-7,-0.68,unstable
4,9.81,-44,1,0,0.588,-24,-39,1.007,unstable
2,35.51,-8,-1.5,-0.5,-0.122,-9,-13,3.201,unstable
1,53.86,-1,2,0,0.24,26,29,-0.948,stable
5,0,2,0,0,-0.375,-12,-15,2.47,unstable
3,52.36,-26,0,0,-0.095,-23,-38,1.471,unstable
1,10.7,-56,0,0,-0.442,-76,-130,5.146,unstable
4,72.01,-16,0,0,0.257,-6,-13,0.398,unstable
3,2.84,-16,0,0,-0.232,-34,-32,12.773,unstable
2,36.56,32,0,0,-0.087,19,43,1.129,unstable
4,9.81,-16,1,0,0.797,14,11,0.884,unstable
2,22.42,16,0,0,-0.12,6,12,-0.119,stable
4,56.62,-106,0,-1,-0.379,-93,-177,5.504,unstable
4,9.81,-58,1,0,0.473,-43,-96,1.755,unstable
2,0,-32,0.5,0,-0.064,-19,-37,-0.462,unstable
3,70.44,-85,-1,0,0.616,-81,-129,0.579,unstable
1,9.92,16,0,0,-0.12,6,12,0.053,stable
3,22.34,-42,0,0,-0.327,-57,-70,5.078,unstable
4,68.77,-80,-0.5,-0.5,0.336,-70,-141,0.044,stable
1,0,-28,0,0,-0.209,-38,-50,0.684,unstable
2,2.36,-28,1,0,0.331,-18,-26,-0.145,unstable
1,0,-14,0,0,-0.091,-20,-22,0.763,unstable
2,20.48,-16,0,0,0.257,-6,-13,0.096,unstable
1,63.28,14,0,0,0.115,19,57,-1.094,stable
3,76.23,-35,0,-1,-0.629,-27,-43,0.159,stable
3,87.29,14,0,0,0.115,19,57,1.099,unstable
3,0.13,42,0,0,0.324,57,107,-0.909,stable
1,9.92,-34,0,-1,-0.057,-11,-38,2.247,unstable
1,55.08,32,-0.5,0,0.064,19,37,2.29,unstable
2,3.72,-30,1,0,0.782,-4,-21,-0.291,unstable
3,34.18,-10,0,0,-0.352,-17,-25,1.889,unstable
4,11.45,-44,1,0,0.588,-24,-39,0.311,unstable
1,49.57,18,1,1,0.957,26,37,-0.732,unstable
3,34.6,-26,0,0,-0.095,-23,-38,1.801,unstable
3,14.69,-43,0,0,0.38,-29,-46,0.225,unstable
2,0,-76,0,-1,-0.384,-68,-108,5.909,unstable
1,0,16,0,0,-0.257,6,13,5.128,unstable
2,18.27,-14,0,0,-0.118,-19,-23,1.962,unstable
2,22.42,-76,0,-1,-0.384,-68,-108,5.046,unstable
4,2.32,-43,0,0,0.38,-29,-46,0.235,unstable
1,31.31,3,-1,0,0.455,-11,-7,-1.667,unstable
3,6.27,-2,0,0,0.375,12,15,0.292,stable
3,51.77,-2,0,0,0.375,12,15,2.503,unstable
1,53.07,10,0,0,0.352,17,25,8.86,unstable
4,36.26,-30,0,0,0.142,-25,-70,0.316,unstable
3,0,16,0,0,-0.257,6,13,-1.108,unstable
1,6.12,15,1,0,-0.66,11,30,2.871,unstable
1,0,12,0,0,0.493,31,38,1.323,unstable
1,18.3,-106,0,-1,-0.379,-93,-177,5.992,unstable
3,22.34,-14,0,0,-0.118,-19,-20,5.295,unstable
1,24.92,-57,0,0,0.365,-47,-77,0.428,stable
2,44.85,-85,-1,0,0.616,-81,-129,0.955,unstable
2,43.14,-28,0,0,-0.209,-38,-50,0.991,unstable
3,53.62,14,0,0,0.115,19,57,2.049,unstable
1,9.47,-16,0,0,0.257,-6,-13,-1.093,stable
1,0,-16,0.5,0,-0.321,-13,-24,-0.821,unstable
2,22.53,69,1,0,-0.359,75,116,-0.002,stable
2,0.07,12,0,0,0.493,31,38,1.611,unstable
3,12.35,-23,0,-0.5,0.002,-22,-30,3.494,unstable
3,51.77,14,-1,0,-0.422,-2,4,1.739,unstable
2,37.72,-58,1,0,0.573,-42,-71,0.752,unstable
3,63.88,-14,-1,0,-0.047,-39,-54,0.578,unstable
2,3.72,-58,1,0,0.573,-42,-71,1.018,unstable
4,87.44,22,1.5,0.5,0.137,27,45,-0.758,stable
1,9.47,60,0,1,0.641,62,95,-3.109,unstable
2,0,-16,0,0,0.12,-6,-12,0.613,unstable
2,2.79,-16,0,0,-0.232,-34,-32,14.3,unstable
1,0.49,-42,0,0,-0.327,-57,-70,4.877,unstable
3,35.87,4,0,0,-0.261,3,-3,1.545,unstable
1,47.78,-26,0,0,-0.095,-23,-38,1.498,unstable
4,87.44,-28,1,0,0.331,-18,-26,0.226,stable
1,0.77,26,-0.5,0.5,0.715,23,36,-1.772,stable
1,17.7,-1,1,0,0.208,5,7,-1.809,stable
3,6.27,-14,0,0,-0.091,-20,-22,-0.95,unstable
2,36.17,-25,-0.5,0,0.429,-28,-40,3.861,stable
3,55.47,-30,1,-1.5,-0.878,-15,-21,1.679,unstable
3,68.29,-1,2,0,0.24,26,29,-0.673,stable
4,31.22,-43,0,0,0.38,-29,-46,2.355,unstable
4,87.44,-18,1,0,0.683,-1,-1,12.662,unstable
2,0.75,-23,0,-0.5,0.002,-22,-30,0.368,unstable
4,28.84,58,-1,0,-0.473,43,96,7.203,unstable
2,24.59,2,-0.5,0,0.23,-7,2,1.285,unstable
1,26.79,-58,1,0,0.573,-42,-71,-0.244,unstable
2,51.55,-14,0,0,-0.091,-20,-22,-0.013,unstable
2,0.13,2,0,0,-0.375,-12,-15,2.326,unstable
1,0,-42,0,0,-0.327,-57,-70,5.391,unstable
2,20.73,-50,0,-1,0.063,-17,-50,3.802,unstable
1,23.33,-57,-1,0,0.333,-68,-100,1.722,unstable
1,53.08,0,1,0,0.032,21,23,-0.068,stable
1,13.14,-66,-0.5,-0.5,0.451,-51,-84,5.643,unstable
4,0.94,-44,0,0,0.051,-45,-92,4.195,unstable
2,6.5,-16,0,0,0.12,-6,-12,0.066,stable
2,58.05,-42,0,0,-0.327,-57,-73,1.632,unstable
4,80.48,-1,2,0,0.24,26,29,-0.081,stable
2,0,-34,0,-1,-0.057,-11,-38,3.431,unstable
1,0.09,57,1,0,-0.333,68,100,6.993,unstable
4,0.43,34,0,1,0.057,11,35,1.004,unstable
1,0.22,46,0,1,0.55,42,73,1.963,unstable
1,74.55,-66,-0.5,-0.5,0.451,-51,-84,3.218,unstable
2,1.37,16,-0.5,0,0.321,13,24,4.275,unstable
1,31.31,-57,-1,0,0.333,-68,-100,-0.849,unstable
4,29.73,14,0,0,0.115,19,57,4.764,unstable
2,8.93,-1,1,0,0.208,5,6,-1.89,unstable
2,0.39,-12,0,0,-0.466,-32,-37,3.274,unstable
1,10.7,16,-1,0,-0.9,-15,-2,3.595,unstable
1,0.64,-16,0.5,0,-0.321,-13,-24,0.272,unstable
1,5.12,-30,0,0,0.166,-26,-35,-0.778,unstable
2,0.2,14,0,0,0.118,19,23,7.74,unstable
1,50.81,38,0.5,0.5,-0.66,13,34,-1.844,unstable
2,7.07,2,-0.5,0,0.23,-7,2,2.151,unstable
2,0,-56,0,0,-0.442,-76,-127,6.69,unstable
2,22.36,42,0,0,0.324,57,107,9.91,unstable
4,0,-57,0,0,0.365,-47,-77,2.216,unstable
3,4.35,69,1,0,-0.359,75,116,3.126,unstable
2,44.62,-44,1,0,0.588,-24,-39,1.162,unstable
1,0,-30,0,0,0.166,-26,-35,-3.739,stable
3,37.46,73,0,1.5,-0.065,39,77,-1.056,unstable
2,3.62,-39,0,-0.5,0.122,-28,-42,1.609,unstable
2,17.19,-34,0,-1,-0.057,-11,-38,1.742,unstable
2,17.31,-29,-1,0,0.542,-30,-50,-1.424,stable
3,37.56,2,-0.5,0,0.23,-7,2,3.089,unstable
2,8.61,-1,1,0,0.208,5,7,-1.393,stable
2,0,-6,0.5,0,0.031,4,1,3.904,unstable
3,27.2,-56,0,0,-0.442,-76,-127,3.781,unstable
1,39.72,1,-2,0,-0.24,-26,-29,-0.821,unstable
3,26.79,-1,2,0,0.24,26,29,-0.312,stable
2,51.15,-12,0.5,0,0.652,-5,-2,-0.152,stable
3,21.73,14,0,0,0.115,19,57,9.637,unstable
3,35.9,-38,-0.5,-0.5,0.66,-13,-34,1.04,unstable
1,0,12,0,0,0.493,31,35,0.375,unstable
1,53.86,-1,1,0,0.208,5,6,-0.106,stable
4,36.26,-16,0,0,0.257,-6,-13,-0.517,unstable
2,0,-16,0,0,-0.232,-34,-32,9.918,stable
1,46.53,-42,0,0,-0.327,-57,-70,1.198,unstable
4,50.14,-80,-0.5,-0.5,0.336,-70,-141,2.272,unstable
2,2.36,-1,1,0,0.208,5,7,-0.213,unstable
1,0,27,1,0,-0.167,42,65,3.93,unstable
4,0,-29,0,0,0.574,-9,-27,5.256,unstable
2,8.61,48,1,1,0.852,50,81,-5.273,stable
3,19.19,-28,0,0,-0.209,-38,-50,0.75,unstable
3,64.42,14,0,0,0.115,19,57,-1.961,unstable
2,44.88,-1,2,0,0.24,26,29,-0.431,stable
2,8.61,-2,1,0,0.915,33,31,-1.357,stable
3,105.6,-16,-1,0,-0.71,-33,-54,-0.435,stable
3,4.38,-57,-1,0,0.333,-68,-100,1.867,unstable
1,0,2,-0.5,0,0.23,-7,2,3.727,unstable
1,4.57,-15,-1,0,0.66,-11,-27,-1.141,stable
2,2.36,-44,1,0,0.588,-24,-39,0.539,unstable
3,45.62,56,0,0,0.442,76,127,-1.643,unstable
2,26.95,28,0,0,0.209,38,50,-0.548,stable
2,0.07,-10,0,0,-0.352,-17,-25,3.82,unstable
4,0.94,-14,0,0,-0.091,-20,-22,1.445,unstable
1,0,-18,0,0,0.205,0,-20,3.31,unstable
4,31.22,-57,0,0,0.265,-48,-103,1.511,stable
3,23.63,30,0,0,-0.142,25,70,5.197,unstable
1,0.33,-42,0,0,-0.327,-57,-70,2.068,unstable
1,0,-14,0,0,-0.118,-19,-23,1.16,unstable
1,60.84,-42,0,0,-0.327,-57,-70,1.062,unstable
2,3.53,2,-0.5,0,0.23,-7,2,1.147,stable
3,76.23,-50,0,-1,0.063,-17,-50,-0.582,stable
4,0,1,-1,0,-0.208,-5,-6,-0.124,stable
1,20.38,18,1,1,0.957,26,37,-1.621,unstable
1,74.55,49,-0.5,1,0.713,45,66,-2.254,unstable
1,50.81,64,0,1,0.055,36,70,-0.412,unstable
3,76.23,-64,0,-1,-0.055,-36,-70,1.411,stable
2,67.29,-27,-2,0,0.043,-39,-58,0.842,unstable
1,47.88,-18,1,0,0.683,-1,-1,5.893,unstable
1,0,14,0,0,0.118,19,23,-0.468,stable
2,29.55,-76,0,-1,-0.384,-68,-108,3.394,unstable
4,0,16,-0.5,0,0.321,13,24,4.22,unstable
2,0,-16,0.5,0,-0.321,-13,-24,0.195,unstable
2,0.16,15,1,0,-0.66,11,30,6.085,unstable
2,8.61,-2,1,0,0.915,33,34,-2.203,stable
3,76.23,-48,-1,-1,-0.852,-50,-81,0.619,stable
1,4.61,-2,0,0,0.375,12,15,-0.492,unstable
1,30.74,-19,-0.5,0.5,0.165,-30,-45,3.768,unstable
1,4.57,-15,-1,0,0.66,-11,-30,-0.323,stable
4,2,-39,0,-0.5,0.122,-28,-42,1.831,unstable
1,11.48,-1,0,0,0.707,28,27,-3.904,stable
1,67.57,-57,-1,0,0.333,-68,-100,0.315,unstable
4,72.93,38,0.5,0.5,-0.66,13,34,-0.635,unstable
4,87.44,-58,1,0,0.473,-43,-96,-1.192,stable
2,10.72,-16,0,0,0.12,-6,-12,0.653,unstable
2,3.68,-44,1,0,0.588,-24,-39,0.754,unstable
2,3.93,-14,0,0,-0.118,-19,-20,7.389,unstable
1,5.41,-58,1,0,0.473,-43,-96,-0.812,stable
2,0,-76,0,-1,-0.384,-68,-108,6.637,stable
3,22.87,58,-1,0,-0.473,43,96,5.576,unstable
3,18.96,-26,0,0,-0.095,-23,-38,2.193,unstable
1,82.03,16,0,0,-0.257,6,13,0.455,unstable
4,19.39,12,0,0,0.493,31,38,0.867,unstable
1,0.85,26,0,0,0.584,51,57,7.437,unstable
2,1.65,42,0,0,0.324,57,107,38.136,unstable
2,36.39,-57,0,0,0.365,-47,-77,1.908,unstable
2,22.32,-34,0,-1,-0.057,-11,-38,-0.973,unstable
2,30.45,2,0,0,-0.375,-12,-15,1.132,unstable
4,9.81,-1,1,0,0.208,5,7,-0.159,unstable
1,0.25,-60,0,0,-0.122,-57,-93,2.657,unstable
3,0.85,-16,0.5,0,-0.321,-13,-24,-0.217,stable
2,24.41,58,-1,0,-0.573,42,71,-0.175,unstable
3,0,-43,0,0,0.38,-29,-46,-0.298,unstable
1,16.69,16,0,1,0.262,11,15,-0.125,unstable
2,0,42,0,0,0.327,57,70,7.49,stable
1,0,-14,0,0,-0.118,-19,-23,2.311,unstable
2,26.95,16,0,0,-0.257,6,13,0.989,unstable
1,0.33,15,0,0,-0.692,-10,7,0.973,unstable
1,46.59,24,0.5,0.5,-0.778,-6,14,-0.265,stable
2,54.59,-43,-1,0,0.943,-24,-59,-1.188,unstable
1,50.81,30,-1,0,-0.782,4,21,-0.101,unstable
4,0.43,-12,0,0,-0.493,-31,-38,3.547,unstable
2,8.61,71,1,1.5,0.85,72,111,-3.438,stable
1,0.43,76,0,1,0.521,68,107,22.018,unstable
2,36.56,48,0,1,0.175,30,58,-0.682,unstable
2,44.88,27,2,0,-0.043,39,58,-0.23,stable
4,87.44,-12,0.5,0,0.652,-5,-2,2.171,stable
3,86,58,-1,1.5,0.595,28,50,0.324,unstable
3,43.71,14,0,0,0.115,19,57,15.866,unstable
4,1.41,-10,0,0,-0.352,-17,-25,3.65,unstable
2,0.13,-28,0,0,-0.209,-38,-50,2.77,unstable
4,62.84,-22,-1.5,-0.5,-0.137,-27,-45,0.966,unstable
1,1.5,2,0,0,-0.375,-12,-15,0.797,unstable
1,10.7,34,0,1,0.057,11,35,4.925,unstable
4,69.25,90,0,1,0.499,87,165,2.034,unstable
2,23.55,-16,0,0,0.257,-6,-13,0.45,stable
2,41.9,-58,1,0,0.573,-42,-71,0.22,unstable
3,82.85,72,-1,0,-0.458,61,128,1.3,unstable
3,3.74,-16,0,0,0.12,-6,-12,0.871,unstable
1,44.55,-1,1,0,0.208,5,7,0.104,unstable
2,35.72,-76,0,-1,-0.384,-68,-108,4.44,unstable
4,0,-28,0,0,-0.209,-38,-50,-0.432,unstable
2,0,2,0,0,-0.375,-12,-15,1.961,unstable
3,67.95,-58,1,0,0.573,-42,-71,-0.249,unstable
3,34.18,16,0,0,0.232,34,32,0.169,unstable
2,20.73,-92,0,-1,-0.264,-74,-120,5.76,unstable
1,24.19,-92,0,-1,-0.264,-74,-120,1.012,unstable
3,19.18,-14,0,0,-0.091,-20,-22,1.237,stable
2,37.46,-16,0,0,0.257,-6,-13,1.444,unstable
2,0,-42,0,0,-0.327,-57,-73,6.038,unstable
1,1.64,-16,0,0,-0.232,-34,-32,16.108,unstable
2,6.7,-72,1,0,0.458,-61,-128,0.647,unstable
1,56.84,-15,1,0,0.193,-13,-25,-0.235,unstable
3,41.82,12,0,0,0.493,31,38,2.392,unstable
1,10.91,-76,0,-1,-0.384,-68,-108,3.643,unstable
2,0.61,1,-1,0,-0.208,-5,-7,0.542,unstable
4,81.67,-71,-1,0,0.218,-87,-157,-0.124,stable
2,36.56,14,0,0,0.118,19,20,-0.21,unstable
1,0,42,0,0,0.327,57,73,5.015,stable
3,39.72,-14,-1,0,-0.047,-39,-54,-0.695,stable
2,20.73,-16,0,0,0.12,-6,-12,-0.289,unstable
2,36.56,-28,0,0,-0.209,-38,-50,2.28,unstable
1,50.69,-24,-0.5,-0.5,0.778,6,-14,-1.165,stable
3,35.1,-26,0,0,-0.095,-23,-38,-0.099,unstable
2,22.36,14,0,0,0.115,19,57,3.786,unstable
4,49.19,-26,0,0,-0.095,-23,-38,-2.405,unstable
3,22.5,30,0,0,-0.166,26,35,2.667,unstable
1,0,13,0,0,-0.214,3,11,2.132,unstable
2,0,42,0,0,0.324,57,107,9.033,stable
2,67.29,-43,-1,0,0.943,-24,-59,0.334,unstable
2,8.61,32,1,1,0.972,44,69,-5.222,stable
4,93.06,-27,-2,0,0.043,-39,-58,0.217,stable
2,3.8,-28,-1,0,0.251,-34,-52,1.804,stable
1,0.7,-34,0,-1,-0.057,-11,-38,7.82,unstable
3,24.65,42,0,0,0.324,57,107,8.93,unstable
2,37.2,-30,0,0,0.142,-25,-70,1.644,unstable
3,51.77,-44,0,0,0.051,-45,-92,1.541,unstable
4,4.81,-14,0,0,-0.118,-19,-23,-0.053,stable
1,45.05,-1,2,0,0.24,26,29,-1.202,stable
1,3.9,58,-1,0,-0.573,42,71,3.219,unstable
1,34.03,-28,0,0,-0.209,-38,-50,1.059,unstable
1,14.35,-40,-0.5,-0.5,0.546,-28,-46,0.153,stable
3,70.83,19,-1,1,0.717,0,8,-1.817,unstable
1,57.35,-12,0,0,-0.493,-31,-38,1.159,unstable
1,0.44,-24,-0.5,-0.5,0.778,6,-14,4.41,unstable
2,0.8,-32,0,0,0.087,-19,-43,1.611,stable
1,38,-56,0,0,-0.442,-76,-130,3.331,stable
2,0,-42,0,0,-0.327,-57,-70,5.253,unstable
4,50.76,-44,0,0,0.051,-45,-92,1.981,unstable
4,0.06,-57,0,0,0.365,-47,-77,1.416,stable
1,0,-42,0,0,-0.327,-57,-70,3.903,unstable
2,0.8,-18,0,0,0.205,0,-20,-0.575,stable
1,44.55,-58,1,0,0.473,-43,-96,0.812,unstable
1,50.06,-31,0,0,0.46,-24,-39,6.806,unstable
2,9.23,-39,0,-0.5,0.122,-28,-42,3.129,unstable
2,10.41,2,0,0,-0.375,-12,-15,1.628,unstable
1,62.72,-60,0,0,-0.122,-57,-93,0.866,unstable
3,69.52,25,1,0,-0.738,24,36,1.542,stable
2,10.58,-16,0,0,0.12,-6,-12,-0.161,unstable
1,79.21,-85,-1,0,0.616,-81,-129,-0.332,unstable
4,20.64,-50,0,-1,0.063,-17,-50,2.052,unstable
1,5.41,13,1,0,0.223,23,38,-3.334,stable
2,36.56,-42,0,0,-0.324,-57,-107,4.291,unstable
4,0.94,-30,0,0,0.166,-26,-35,1.528,unstable
1,1.45,28,0,0,0.209,38,50,1.151,stable
2,10.72,23,0,0.5,-0.002,22,30,0.643,unstable
4,1.41,-26,0,0,-0.095,-23,-38,3.065,unstable
1,0.07,2,0,0,-0.375,-12,-15,1.251,unstable
4,14.15,1,0,0,-0.707,-28,-24,0.423,stable
1,22.79,-49,0.5,-1,-0.713,-45,-66,2.302,unstable
4,37.84,-56,0,0,-0.442,-76,-130,2.925,unstable
2,13.9,-106,0,-1,-0.379,-93,-177,8.845,unstable
1,42.49,59,1,0,-0.711,58,91,-0.194,unstable
1,30.88,14,0,0,0.115,19,57,-0.041,stable
4,87.44,41,2,0,-0.028,57,90,-0.34,stable
1,2.99,-76,0,-1,-0.384,-68,-108,5.061,unstable
2,51.89,-56,0,0,-0.442,-76,-130,2.107,unstable
1,26.35,-92,0,-1,-0.264,-74,-120,5.744,unstable
2,24.59,-14,0,0,-0.091,-20,-22,0.366,unstable
4,78.85,19,-1,1,0.717,0,8,-0.218,unstable
2,10.21,-28,0,0,-0.209,-38,-50,0.253,unstable
1,22.79,-39,0,-0.5,0.122,-28,-42,-1.603,unstable
2,8.61,-44,1,0,0.588,-24,-39,-2.354,stable
2,20.33,-76,0,-1,-0.384,-68,-108,1.853,unstable
2,35.44,-71,-1,0,0.218,-87,-157,3.848,unstable
3,38.63,-60,0,0,-0.122,-57,-93,0.147,unstable
4,72.93,30,-1,0,-0.782,4,21,-0.064,unstable
2,40.95,-32,0.5,0,-0.064,-19,-37,-1.373,unstable
1,0,-39,0,-0.5,0.122,-28,-42,2.287,unstable
3,36.59,-92,0,-1,-0.264,-74,-120,3.25,unstable
3,0.25,14,0,0,0.115,19,57,2.648,unstable
4,54.37,-85,-1,0,0.616,-81,-129,0.613,unstable
2,0,-48,0,-1,-0.175,-30,-58,3.694,unstable
2,15.46,-85,-1,0,0.616,-81,-129,0.752,unstable
1,23.19,-14,0,0,-0.118,-19,-23,0.365,unstable
1,0,-44,0,0,0.051,-45,-92,4.541,unstable
2,0.5,-16,0.5,0,-0.321,-13,-24,-0.438,unstable
2,27.4,-76,0,-1,-0.384,-68,-108,3.593,unstable
1,0.39,-28,0,0,-0.209,-38,-50,2.493,unstable
4,0,-16,0,0,0.257,-6,-13,0.229,unstable
2,11.56,-76,0,-1,-0.384,-68,-108,5.473,unstable
3,23.75,2,0,0,-0.375,-12,-15,1.346,unstable
2,0,14,0,0,0.118,19,23,0.679,stable
2,26.22,18,1,1,0.957,26,37,-5.515,unstable
3,73.29,-40,0,0,-0.21,-42,-95,1.051,unstable
3,51.77,-30,0,0,0.166,-26,-35,0.776,unstable
2,8.61,22,1.5,0.5,0.137,27,45,-3.778,stable
3,0.13,129,0,1.5,0.377,115,207,-5.114,stable
4,9.81,13,1,0,0.223,23,38,0.336,unstable
1,44.82,-57,-1,0,0.333,-68,-100,0.484,unstable
3,35.87,40,0.5,0.5,-0.546,28,46,0.686,unstable
2,0.16,-42,0,0,-0.327,-57,-70,1.528,unstable
1,41.21,-1,2,0,0.24,26,29,-1.173,stable
1,13.93,-26,0,0,-0.584,-51,-57,4.776,unstable
1,32.05,-9,-1,1,1,-13,-21,-0.912,unstable
1,5.49,-23,0,-0.5,0.002,-22,-30,0.585,unstable
4,3.69,-60,0,-1,-0.641,-62,-95,6.781,unstable
4,14.88,30,0,0,-0.166,26,35,2.762,unstable
3,60.18,-27,0,0,0.123,-23,-33,-0.333,stable
2,2.24,-2,0,0,0.375,12,15,0.099,unstable
4,0,69,1,0,-0.359,75,116,5.766,unstable
2,3.96,-43,0,0,0.38,-29,-46,1.553,unstable
4,0.43,-42,0,0,-0.327,-57,-73,2.67,unstable
3,17.51,76,0,1,0.384,68,108,0.461,unstable
3,43.86,-1,1,0,0.208,5,7,-0.226,unstable
2,0,-56,0,0,-0.442,-76,-130,7.12,unstable
1,27.84,-16,0,0,0.12,-6,-12,-0.064,stable
2,3.57,26,-0.5,0.5,0.715,23,36,-1.21,stable
4,72.93,29,1,0,-0.542,30,50,-0.524,unstable
2,0,-10,-0.5,0,-0.263,-38,-33,7.559,unstable
4,0,-18,0,0,0.205,0,-23,2.675,unstable
1,45.11,-1,1,0,0.208,5,6,-0.271,stable
4,0.94,14,-1,0,-0.422,-2,4,4.311,unstable
1,10.7,-12,0,0,-0.493,-31,-38,3.067,unstable
2,0,-56,0,0,-0.442,-76,-130,8.823,unstable
4,23.45,-85,-1,0,0.616,-81,-129,-0.591,unstable
2,21.25,-42,0,0,-0.327,-57,-70,2.414,unstable
1,30.46,-16,0,0,0.257,-6,-13,0.37,unstable
1,22.79,-23,0,-0.5,0.002,-22,-30,-0.316,unstable
3,63.01,-85,-1,0,0.616,-81,-129,-0.186,unstable
4,87.44,16,1,0,0.71,33,54,-0.14,stable
3,0.85,-2,0.5,0,-0.23,7,-2,-2.111,stable
1,5.49,-49,0.5,-1,-0.713,-45,-66,4.253,unstable
2,10.76,-1,1,0,0.208,5,7,0.135,stable
4,8.72,-76,0,-1,-0.384,-68,-108,4.771,unstable
2,67.29,-85,-1,0,0.616,-81,-129,0.705,unstable
1,10.48,-39,0,-0.5,0.122,-28,-42,2.219,unstable
1,44.82,18,1,1,0.957,26,37,-1.728,unstable
2,24.41,57,1,0,-0.333,68,100,-0.997,stable
2,32.63,16,0,0,0.232,34,32,-5.258,stable
1,3.25,-28,0,0,-0.209,-38,-50,2.428,unstable
4,70.75,-40,0,0,-0.21,-42,-95,2.054,unstable
3,0,-42,0,0,-0.327,-57,-73,-2.946,unstable
3,21.72,-33,0,-1,-0.764,-39,-62,2.065,stable
4,33.95,-43,0,0,0.38,-29,-46,0.116,unstable
3,7.53,-23,-0.5,-0.5,0.071,-22,-38,5.012,unstable
3,45.62,58,-1,0,-0.473,43,96,1.119,unstable
2,22.42,-34,0,-1,-0.057,-11,-38,2.618,unstable
1,42.19,99,1,0,-0.501,100,186,-0.204,unstable
4,37.84,-42,0,0,-0.327,-57,-73,1.729,unstable
4,72.93,64,0,1,0.055,36,70,-1.223,unstable
2,44.88,-16,1,0,0.9,15,-1,-1.398,stable
2,17.31,19,-1,1,0.717,0,8,-4.201,stable
2,7.07,-2,0,0,0.375,12,15,-0.733,unstable
4,46.89,10,-0.5,0.5,0.835,17,24,0.071,stable
2,50.42,-60,0,0,-0.122,-57,-93,1.573,unstable
3,45.62,106,0,1,0.379,93,177,-1.847,unstable
2,1.4,58,-1,0,-0.473,43,96,2.393,unstable
1,7.8,26,0,0,0.095,23,38,11.685,unstable
4,0.29,-30,0,0,0.166,-26,-35,0.348,unstable
4,87.44,-1,1,0,0.208,5,7,-1.013,stable
2,0,-50,0,-1,0.063,-17,-50,7.836,unstable
4,26.91,-33,0,-1,-0.764,-39,-62,7.03,stable
2,10.21,-42,0,0,-0.324,-57,-107,1.131,unstable
4,87.44,13,2,0,0.255,44,61,-0.617,stable
1,0.44,2,-1,0,-0.915,-33,-31,6.38,unstable
3,47.59,-57,-1,0,0.333,-68,-100,0.267,unstable
3,48.95,-85,-1,0,0.616,-81,-129,0.5,unstable
4,47.5,-40,0,0,-0.21,-42,-95,0.073,stable
1,9.92,-10,0.5,-0.5,-0.835,-17,-24,1.714,unstable
4,33.95,-27,0,0,0.123,-23,-33,0.713,unstable
4,11.68,1,-1,0,-0.208,-5,-7,3.668,unstable
2,0,34,0,1,0.057,11,38,-2.995,stable
1,67.13,-71,0,0,0.25,-66,-134,1.102,stable
2,1.01,-2,0,0,0.375,12,15,2.486,unstable
3,47.34,-58,1,0,0.573,-42,-71,-0.407,unstable
1,0,27,0,0,-0.199,21,42,3.641,unstable
1,29.26,-43,-1,0,0.943,-24,-59,0.188,unstable
3,54.4,-57,-1,0,0.333,-68,-100,0.751,unstable
4,86.63,19,-1,1,0.717,0,8,0.588,unstable
2,0,-16,0.5,0,-0.321,-13,-24,-0.932,unstable
1,3.64,14,0,0,0.118,19,23,-0.668,stable
1,49.04,-85,-1,0,0.616,-81,-129,-0.043,unstable
2,3.4,32,1,1,0.972,44,69,2.876,unstable
2,1.21,-115,0,-1.5,-0.262,-96,-150,4.127,unstable
1,67.57,-71,-1,0,0.218,-87,-157,1.445,unstable
2,0,-57,-1,0,0.333,-68,-100,1.228,stable
4,11.68,-43,0,0,0.38,-29,-46,3.386,unstable
2,0,-42,0,0,-0.327,-57,-73,3.763,unstable
4,0.43,18,0,0,-0.205,0,20,1.113,unstable
2,28.39,-57,0,0,0.365,-47,-77,1.567,unstable
3,64.67,-99,-1,0,0.501,-100,-186,1.273,unstable
4,87.44,13,1,0,0.223,23,38,-0.588,stable
3,64.67,-85,-1,0,0.616,-81,-129,-0.078,unstable
1,1.03,-14,0,0,-0.118,-19,-23,0.563,unstable
4,87.44,14,0,0,0.015,18,32,-0.107,stable
2,36.97,-42,0,0,-0.327,-57,-73,2.092,unstable
2,0,28,0,0,0.209,38,50,-0.01,stable
2,8.61,41,2,0,-0.028,57,90,-0.528,stable
2,2.76,-16,0,0,0.12,-6,-12,0.744,unstable
2,36.51,-99,-1,0,0.501,-100,-186,3.694,unstable
1,0,28,0,0,0.209,38,50,6.863,stable
1,42.19,42,0,0,0.324,57,107,-1.933,unstable
2,40.27,-28,0,0,-0.209,-38,-50,2.508,unstable
2,66.11,2,-0.5,0,0.23,-7,2,1.946,unstable
1,1.5,-12,0,0,-0.466,-32,-37,1.948,unstable
2,1.65,14,0,0,0.115,19,57,5.388,unstable
1,33.13,-60,0,0,-0.122,-57,-93,-4.896,unstable
1,46.53,-14,0,0,-0.118,-19,-20,0.89,unstable
1,35.66,-16,1,0,0.9,15,-1,-1.909,stable
3,7.44,-14,0,0,-0.115,-19,-57,2.179,unstable