SecStr,ASA_pct,dMW,dChg,dARM,dHydro,dVdwV,dSASA,totalE,dTmC
1,24.57,-66,-0.5,-0.5,0.451,-51,-84,2.212,unstable
1,0.13,14,0,0,0.118,19,20,-0.398,neutral
4,14.88,30,0,0,-0.166,26,35,2.762,unstable
4,21.98,18,1,1,0.957,26,37,1.756,neutral
3,51.77,-2,0,0,0.375,12,15,2.503,unstable
2,6.7,-72,1,0,0.458,-61,-128,0.647,unstable
4,26.68,-2,0,0,0.375,12,15,0.532,neutral
3,23.75,2,0,0,-0.375,-12,-15,1.346,unstable
4,95.53,19,-1,1,0.717,0,8,-0.746,neutral
1,0,-42,0,0,-0.327,-57,-70,5.391,unstable
4,69.21,-10,0.5,-0.5,-0.835,-17,-24,-0.519,neutral
2,3.96,-43,0,0,0.38,-29,-46,1.553,unstable
3,34.18,-10,0,0,-0.352,-17,-25,1.889,unstable
3,22.34,-14,0,0,-0.118,-19,-20,5.295,unstable
1,0,-28,0,0,-0.209,-38,-50,0.684,unstable
1,13.14,-66,-0.5,-0.5,0.451,-51,-84,5.643,unstable
1,0.05,-34,0,-1,-0.057,-11,-38,3.099,neutral
3,39.77,14,0,0,0.115,19,57,1.04,stable
2,36.39,-57,0,0,0.365,-47,-77,1.908,unstable
1,44.55,-58,1,0,0.473,-43,-96,0.812,unstable
1,80.5,-44,1,0,0.588,-24,-39,-0.853,neutral
2,3.72,-58,1,0,0.573,-42,-71,1.018,unstable
1,40.32,-44,1,0,0.588,-24,-39,-1.041,stable
4,66.74,-26,0,0,-0.095,-23,-38,0.927,unstable
1,10.91,-76,0,-1,-0.384,-68,-108,3.643,unstable
1,57.35,-12,0,0,-0.493,-31,-38,1.159,unstable
2,23.84,-43,0,0,0.38,-29,-46,2.027,unstable
2,91.61,46,-0.5,0,0.179,38,94,4.153,unstable
4,106.66,-16,0,0,0.257,-6,-13,0.635,neutral
1,71.42,-16,0,0,0.257,-6,-13,0.181,neutral
2,0,6,-0.5,0,-0.031,-4,-1,4.561,stable
3,23.63,30,0,0,-0.142,25,70,5.197,unstable
3,10.11,-71,-1,0,0.218,-87,-157,4.245,unstable
4,50.14,-80,-0.5,-0.5,0.336,-70,-141,2.272,unstable
4,0.07,-16,0.5,0,-0.321,-13,-24,-1.467,unstable
4,70.05,19,-1,1,0.717,0,8,-0.705,neutral
4,87.03,50,0,1,0.289,45,70,0.065,neutral
1,55.08,32,-0.5,0,0.064,19,37,2.29,unstable
2,0.61,1,-1,0,-0.208,-5,-7,0.542,unstable
2,43.33,-14,0,0,-0.015,-18,-32,-0.872,unstable
4,28.84,58,-1,0,-0.473,43,96,7.203,unstable
2,0.33,14,0,0,0.118,19,23,1.653,neutral
1,36.99,-2,0,0,0.375,12,15,-1.071,neutral
1,1.5,-28,0,0,-0.209,-38,-50,0.808,unstable
1,52.36,-31,-1,0,0.428,-45,-62,0.146,neutral
3,21.72,-33,0,-1,-0.764,-39,-62,2.065,stable
2,24.59,2,-0.5,0,0.23,-7,2,1.285,unstable
2,22.94,-42,0,0,-0.327,-57,-70,1.364,unstable
4,9.81,-58,1,0,0.473,-43,-96,1.755,unstable
2,38.69,-15,0,0,0.692,10,-7,-1.209,stable
1,1.03,-14,0,0,-0.118,-19,-23,0.563,unstable
1,0.33,15,0,0,-0.692,-10,7,0.973,unstable
2,0,-16,0.5,0,-0.321,-13,-24,0.195,unstable
3,69.52,25,1,0,-0.738,24,36,1.542,stable
2,23.55,-16,0,0,0.257,-6,-13,0.45,stable
1,13.8,-43,0,0,0.38,-29,-46,0.405,unstable
3,24.01,-2,0,0,0.375,12,15,-0.933,unstable
4,0.43,-12,0,0,-0.493,-31,-38,3.547,unstable
3,6.27,-2,0,0,0.375,12,15,0.292,stable
3,22.7,-23,-0.5,-0.5,0.071,-22,-38,-1.449,neutral
1,31.99,13,2,0,0.255,44,61,-1.013,neutral
2,24.41,57,1,0,-0.333,68,100,-0.997,stable
2,0.13,-28,0,0,-0.209,-38,-50,2.77,unstable
3,1.17,14,0,0,0.118,19,23,0.641,neutral
1,28.4,-10,0,0,-0.352,-17,-25,2.8,unstable
1,0.25,-60,0,0,-0.122,-57,-93,2.657,unstable
2,32.63,-26,0,0,-0.095,-23,-38,-1.492,stable
4,1.41,-26,0,0,-0.095,-23,-38,3.065,unstable
2,36.09,99,1,0,-0.501,100,186,6.271,neutral
4,2,-39,0,-0.5,0.122,-28,-42,1.831,unstable
2,22.42,-34,0,-1,-0.057,-11,-38,2.618,unstable
1,62.72,-60,0,0,-0.122,-57,-93,0.866,unstable
1,5.49,-49,0.5,-1,-0.713,-45,-66,4.253,unstable
2,0,14,0,0,0.118,19,23,0.679,stable
4,62.31,-28,-1,0,0.251,-34,-52,-1.566,neutral
2,75.34,27,0,0,-0.123,23,33,-0.45,neutral
4,3.69,-60,0,-1,-0.641,-62,-95,6.781,unstable
3,2.84,-16,0,0,-0.232,-34,-32,12.773,unstable
3,47.44,-30,0,0,0.166,-26,-35,1.281,neutral
4,36.26,-30,0,0,0.142,-25,-70,0.316,unstable
1,46.53,-14,0,0,-0.118,-19,-20,0.89,unstable
4,33.95,-27,0,0,0.123,-23,-33,0.713,unstable
1,1.45,28,0,0,0.209,38,50,1.151,stable
3,22.5,30,0,0,-0.166,26,35,2.667,unstable
1,22.71,-14,0,0,-0.091,-20,-22,0.804,neutral
1,4.57,3,-1,0,0.455,-11,-7,-1.024,stable
3,64.7,-39,0,-0.5,0.122,-28,-42,0.779,neutral
1,50.54,58,-1,0,-0.573,42,71,-0.662,neutral
2,44.88,27,2,0,-0.043,39,58,-0.23,stable
1,0.45,-10,0.5,-0.5,-0.835,-17,-24,4.007,unstable
2,18.27,-14,0,0,-0.118,-19,-23,1.962,unstable
1,44.82,-57,-1,0,0.333,-68,-100,0.484,unstable
1,5.49,-23,0,-0.5,0.002,-22,-30,0.585,unstable
2,72.39,-50,0,-1,0.063,-17,-50,0.563,neutral
1,30.88,14,0,0,0.115,19,57,-0.041,stable
3,26.79,-1,2,0,0.24,26,29,-0.312,stable
1,27.2,-10,0,0,-0.352,-17,-25,1.122,neutral
3,9.53,42,0,0,0.324,57,107,8.889,unstable
2,21.25,-42,0,0,-0.327,-57,-70,2.414,unstable
2,39.42,-115,0,-1.5,-0.262,-96,-150,5.082,unstable
2,0.5,-16,0.5,0,-0.321,-13,-24,-0.438,unstable
4,80.48,-1,2,0,0.24,26,29,-0.081,stable
3,105.6,-3,1,0,-0.455,11,7,-0.379,neutral
2,26.95,28,0,0,0.209,38,50,-0.548,stable
4,87.44,13,1,0,0.223,23,38,-0.588,stable
1,49.04,-85,-1,0,0.616,-81,-129,-0.043,unstable
1,18.3,-106,0,-1,-0.379,-93,-177,5.992,unstable
3,30.58,-18,0,0,0.205,0,-20,1.818,neutral
2,0,-10,-0.5,0,-0.263,-38,-33,7.559,unstable
1,50.81,64,0,1,0.055,36,70,-0.412,unstable
2,8.61,41,2,0,-0.028,57,90,-0.528,stable
1,10.7,16,-1,0,-0.9,-15,-2,3.595,unstable
3,81.45,42,0,0,0.324,57,107,2.002,neutral
3,35.87,40,0.5,0.5,-0.546,28,46,0.686,unstable
1,10.7,50,0,1,-0.063,17,47,4.376,unstable
2,79,-40,0,0,-0.21,-42,-95,1.498,unstable
3,29.34,-99,-1,0,0.501,-100,-186,1.593,neutral
1,0.77,26,-0.5,0.5,0.715,23,36,-1.772,stable
2,17.31,-15,-1,0,0.66,-11,-27,-1.215,stable
1,2.4,-58,1,0,0.573,-42,-71,-0.083,unstable
3,45.62,56,0,0,0.442,76,127,-1.643,unstable
1,0.43,12,0,0,0.466,32,37,-4.745,neutral
4,17.83,-26,0,0,-0.095,-23,-38,1.412,unstable
4,31.22,-57,0,0,0.265,-48,-103,1.511,stable
4,4.99,-43,0,0,0.38,-29,-46,1.841,neutral
2,0,28,0,0,0.209,38,50,-0.01,stable
3,76.23,-48,-1,-1,-0.852,-50,-81,0.619,stable
3,51.84,99,1,0,-0.501,100,186,4.851,neutral
1,4.57,-15,-1,0,0.66,-11,-27,-1.141,stable
2,0.33,14,0,0,0.118,19,23,1.313,neutral
1,52.02,9,-0.5,0.5,-0.118,-17,-16,0.419,neutral
3,17.89,2,0,0,-0.375,-12,-15,0.808,neutral
2,67.29,-28,0,0,0.283,-13,-29,-0.722,neutral
2,7.87,-28,0,0,-0.209,-38,-50,1.949,unstable
4,9.81,13,1,0,0.223,23,38,0.336,unstable
3,0.13,129,0,1.5,0.377,115,207,-5.114,stable
3,52.36,-26,0,0,-0.095,-23,-38,1.471,unstable
2,6.69,-92,0,-1,-0.264,-74,-120,4.594,unstable
2,0,-42,0,0,-0.327,-57,-70,4.592,unstable
1,57.85,-16,0,0,0.257,-6,-13,-0.308,neutral
2,11.56,-76,0,-1,-0.384,-68,-108,5.473,unstable
3,81.45,99,1,0,-0.501,100,186,0.615,neutral
3,49.66,1,-1,0,-0.208,-5,-7,1.848,neutral
2,0.25,-60,0,-1,-0.641,-62,-95,3.446,neutral
4,61.41,-23,0,-0.5,0.002,-22,-30,0.086,neutral
3,37.46,73,0,1.5,-0.065,39,77,-1.056,unstable
4,0.29,-30,0,0,0.166,-26,-35,0.348,unstable
2,2.36,-44,1,0,0.588,-24,-39,0.539,unstable
3,72.46,-66,-0.5,-0.5,0.451,-51,-84,1.105,neutral
3,81.8,-1,2,0,0.24,26,29,-0.255,neutral
1,24.19,-92,0,-1,-0.264,-74,-120,1.012,unstable
2,0,-44,-0.5,-1,-0.32,-49,-71,9.407,unstable
2,10.21,-42,0,0,-0.324,-57,-107,1.131,unstable
1,42.49,18,-1,0,-0.683,1,1,0.435,neutral
1,18.55,18,1,1,0.957,26,37,-1.22,neutral
4,33.95,1,-1,0,-0.208,-5,-7,-0.68,unstable
3,80.36,-57,-1,0,0.333,-68,-100,0.57,neutral
3,17.89,-12,0,0,-0.466,-32,-37,0.614,neutral
1,27.5,16,0,0,-0.257,6,13,-1.211,neutral
4,9.81,-44,1,0,0.588,-24,-39,1.007,unstable